[
    {
        "code": "US",
        "name": "United States"
    },
    {
        "code": "CA",
        "name": "Canada"
    },
    {
        "code": "GB",
        "name": "United Kingdom"
    },
    {
        "code": "AU",
        "name": "Australia"
    },
    {
        "code": "IN",
        "name": "India"
    },
    {
        "code": "FR",
        "name": "France"
    },
    {
        "code": "DE",
        "name": "Germany"
    },
    {
        "code": "JP",
        "name": "Japan"
    },
    {
        "code": "CN",
        "name": "China"
    },
    {
        "code": "BR",
        "name": "Brazil"
    },
    {
        "code": "ZA",
        "name": "South Africa"
    },
    {
        "code": "RU",
        "name": "Russia"
    },
    {
        "code": "IT",
        "name": "Italy"
    }
]