{
    "serviceName": "Real Facebook Page Likes",
    "services": [
        {
            "id": 1,
            "type": "Regular",
            "value": "STANDARD",
            "keys": [
                "High Quality Likes",
                "Fast delivery",
                "No password required",
                "24/7 support"
            ],
            "packages": [
                {
                    "id": 1,
                    "package": "Page Likes",
                    "qnt": 500,
                    "price": 3
                },
                {
                    "id": 2,
                    "package": "Page Likes",
                    "qnt": 1000,
                    "price": 5,
                    "discount": "5"
                },
                {
                    "id": 3,
                    "package": "Page Likes",
                    "qnt": 2000,
                    "price": 9.5,
                    "discount": "5"
                },
                {
                    "id": 4,
                    "package": "Page Likes",
                    "qnt": 3000,
                    "price": 14,
                    "discount": "5"
                },
                {
                    "id": 5,
                    "package": "Page Likes",
                    "qnt": 5000,
                    "price": 23.5,
                    "discount": "10"
                },
                {
                    "id": 6,
                    "package": "Page Likes",
                    "qnt": 8000,
                    "price": 38,
                    "discount": "10"
                },
                {
                    "id": 7,
                    "package": "Page Likes",
                    "qnt": 10000,
                    "price": 45,
                    "discount": "12"
                },
                {
                    "id": 8,
                    "package": "Page Likes",
                    "qnt": 15000,
                    "price": 70,
                    "discount": "15"
                },
                {
                    "id": 9,
                    "package": "Page Likes",
                    "qnt": 20000,
                    "price": 90,
                    "discount": "20"
                },
                {
                    "id": 10,
                    "package": "Page Likes",
                    "qnt": 25000,
                    "price": 115,
                    "discount": "25"
                }
            ]
        },
        {
            "id": 3,
            "type": "World Wide",
            "value": "EXCLUSIVE",
            "keys": [
                "Everything in Active, plus",
                "REAL Likes from Targeted people",
                "Reach the explore page and turbocharge engagement",
                "Guaranteed Instant Delivery",
                "Priority lifetime VIP support",
                "Boost opportunities for brand collaborations",
                "Trusted by leading celebrities"
            ],
            "packages": [
                {
                    "id": 1,
                    "package": "Page Likes",
                    "qnt": 500,
                    "price": 5
                },
                {
                    "id": 2,
                    "package": "Page Likes",
                    "qnt": 1000,
                    "price": 7,
                    "discount": "5"
                },
                {
                    "id": 3,
                    "package": "Page Likes",
                    "qnt": 2000,
                    "price": 11,
                    "discount": "5"
                },
                {
                    "id": 4,
                    "package": "Page Likes",
                    "qnt": 3000,
                    "price": 16,
                    "discount": "5"
                },
                {
                    "id": 5,
                    "package": "Page Likes",
                    "qnt": 5000,
                    "price": 25.5,
                    "discount": "10"
                },
                {
                    "id": 6,
                    "package": "Page Likes",
                    "qnt": 8000,
                    "price": 41,
                    "discount": "10"
                },
                {
                    "id": 7,
                    "package": "Page Likes",
                    "qnt": 10000,
                    "price": 48,
                    "discount": "12"
                },
                {
                    "id": 8,
                    "package": "Page Likes",
                    "qnt": 15000,
                    "price": 78,
                    "discount": "15"
                },
                {
                    "id": 9,
                    "package": "Page Likes",
                    "qnt": 20000,
                    "price": 99,
                    "discount": "20"
                },
                {
                    "id": 10,
                    "package": "Page Likes",
                    "qnt": 25000,
                    "price": 125,
                    "discount": "25"
                }
            ]
        }
    ]
}